[
{
    "model": "token_blacklist.outstandingtoken",
    "pk": 1,
    "fields": {
        "user": "4f8594f0-89ee-4816-a394-6fad1c44d1e0",
        "jti": "a91b08820c814b4cad5552d7d0c53cc3",
        "token": "eyJ0eXAiOiJKV1QiLCJhbGciOiJIUzI1NiJ9.eyJ0b2tlbl90eXBlIjoicmVmcmVzaCIsImV4cCI6MTY4MTcyNjAxNywiaWF0IjoxNjczOTUwMDE3LCJqdGkiOiJhOTFiMDg4MjBjODE0YjRjYWQ1NTUyZDdkMGM1M2NjMyIsInVzZXJfaWQiOiI0Zjg1OTRmMC04OWVlLTQ4MTYtYTM5NC02ZmFkMWM0NGQxZTAifQ.nZ5H89LmSUSjIPzJlpYX5tdPDgz6FybsYp7rJTVerm4",
        "created_at": "2023-01-17T10:06:57.342Z",
        "expires_at": "2023-04-17T10:06:57Z"
    }
},
{
    "model": "token_blacklist.outstandingtoken",
    "pk": 2,
    "fields": {
        "user": "4f8594f0-89ee-4816-a394-6fad1c44d1e0",
        "jti": "526d75712f59404cbaf1bdb773a63992",
        "token": "eyJ0eXAiOiJKV1QiLCJhbGciOiJIUzI1NiJ9.eyJ0b2tlbl90eXBlIjoicmVmcmVzaCIsImV4cCI6MTY4MTcyNzEwNywiaWF0IjoxNjczOTUxMTA3LCJqdGkiOiI1MjZkNzU3MTJmNTk0MDRjYmFmMWJkYjc3M2E2Mzk5MiIsInVzZXJfaWQiOiI0Zjg1OTRmMC04OWVlLTQ4MTYtYTM5NC02ZmFkMWM0NGQxZTAifQ.exmMypYdJvj1ZLbudpnWWZKbJ9jOP-1wnvgqYmTwZAU",
        "created_at": "2023-01-17T10:25:07.895Z",
        "expires_at": "2023-04-17T10:25:07Z"
    }
},
{
    "model": "token_blacklist.outstandingtoken",
    "pk": 3,
    "fields": {
        "user": "4f8594f0-89ee-4816-a394-6fad1c44d1e0",
        "jti": "abc7eb259c684bfda6daa53fb851f768",
        "token": "eyJ0eXAiOiJKV1QiLCJhbGciOiJIUzI1NiJ9.eyJ0b2tlbl90eXBlIjoicmVmcmVzaCIsImV4cCI6MTY4MTczMTQ1NywiaWF0IjoxNjczOTU1NDU3LCJqdGkiOiJhYmM3ZWIyNTljNjg0YmZkYTZkYWE1M2ZiODUxZjc2OCIsInVzZXJfaWQiOiI0Zjg1OTRmMC04OWVlLTQ4MTYtYTM5NC02ZmFkMWM0NGQxZTAifQ.hjTbbeRrFIJNmWxU8UUkmd95W-2YYnCzlXQavA0jCAQ",
        "created_at": "2023-01-17T11:37:37.939Z",
        "expires_at": "2023-04-17T11:37:37Z"
    }
},
{
    "model": "token_blacklist.outstandingtoken",
    "pk": 4,
    "fields": {
        "user": "4f8594f0-89ee-4816-a394-6fad1c44d1e0",
        "jti": "d7ba8bca1d92427b903f6ca2f40d52e3",
        "token": "eyJ0eXAiOiJKV1QiLCJhbGciOiJIUzI1NiJ9.eyJ0b2tlbl90eXBlIjoicmVmcmVzaCIsImV4cCI6MTY4MTczNTc0MSwiaWF0IjoxNjczOTU5NzQxLCJqdGkiOiJkN2JhOGJjYTFkOTI0MjdiOTAzZjZjYTJmNDBkNTJlMyIsInVzZXJfaWQiOiI0Zjg1OTRmMC04OWVlLTQ4MTYtYTM5NC02ZmFkMWM0NGQxZTAifQ.dUv_CYaKFMdD4U7u0aeDx--nqeCfTnaxCW7PbnB22sE",
        "created_at": "2023-01-17T12:49:01.165Z",
        "expires_at": "2023-04-17T12:49:01Z"
    }
},
{
    "model": "token_blacklist.outstandingtoken",
    "pk": 5,
    "fields": {
        "user": "4f8594f0-89ee-4816-a394-6fad1c44d1e0",
        "jti": "f4c0d54f4ae54e5a96b66687d936842f",
        "token": "eyJ0eXAiOiJKV1QiLCJhbGciOiJIUzI1NiJ9.eyJ0b2tlbl90eXBlIjoicmVmcmVzaCIsImV4cCI6MTY4MTc0MTczMywiaWF0IjoxNjczOTY1NzMzLCJqdGkiOiJmNGMwZDU0ZjRhZTU0ZTVhOTZiNjY2ODdkOTM2ODQyZiIsInVzZXJfaWQiOiI0Zjg1OTRmMC04OWVlLTQ4MTYtYTM5NC02ZmFkMWM0NGQxZTAifQ.v2IrdBGyEv7vJilmwVQ0pmuqvL80Ip_6Nw6ZkfIZBuk",
        "created_at": "2023-01-17T14:28:53.295Z",
        "expires_at": "2023-04-17T14:28:53Z"
    }
},
{
    "model": "token_blacklist.outstandingtoken",
    "pk": 6,
    "fields": {
        "user": "4f8594f0-89ee-4816-a394-6fad1c44d1e0",
        "jti": "a2d570a20b54443cb860b6409f075ae2",
        "token": "eyJ0eXAiOiJKV1QiLCJhbGciOiJIUzI1NiJ9.eyJ0b2tlbl90eXBlIjoicmVmcmVzaCIsImV4cCI6MTY4MTc1MjI4OCwiaWF0IjoxNjczOTc2Mjg4LCJqdGkiOiJhMmQ1NzBhMjBiNTQ0NDNjYjg2MGI2NDA5ZjA3NWFlMiIsInVzZXJfaWQiOiI0Zjg1OTRmMC04OWVlLTQ4MTYtYTM5NC02ZmFkMWM0NGQxZTAifQ.fRcdzM2OnWNjB7oAz9b-rat4slRW1eL6hlpcyM0rr5M",
        "created_at": "2023-01-17T17:24:48.000Z",
        "expires_at": "2023-04-17T17:24:48Z"
    }
},
{
    "model": "token_blacklist.outstandingtoken",
    "pk": 7,
    "fields": {
        "user": "4f8594f0-89ee-4816-a394-6fad1c44d1e0",
        "jti": "a114e98997694e089968ab13356cd274",
        "token": "eyJ0eXAiOiJKV1QiLCJhbGciOiJIUzI1NiJ9.eyJ0b2tlbl90eXBlIjoicmVmcmVzaCIsImV4cCI6MTY4MTc1MjY5NSwiaWF0IjoxNjczOTc2Njk1LCJqdGkiOiJhMTE0ZTk4OTk3Njk0ZTA4OTk2OGFiMTMzNTZjZDI3NCIsInVzZXJfaWQiOiI0Zjg1OTRmMC04OWVlLTQ4MTYtYTM5NC02ZmFkMWM0NGQxZTAifQ.pBvAzs8rnaoC4A8cRDCGjfdZp9Qdk-HUJUSTtEIYgE0",
        "created_at": "2023-01-17T17:31:35.263Z",
        "expires_at": "2023-04-17T17:31:35Z"
    }
},
{
    "model": "token_blacklist.outstandingtoken",
    "pk": 8,
    "fields": {
        "user": "4f8594f0-89ee-4816-a394-6fad1c44d1e0",
        "jti": "3078fdef21cd43c9aa6a0b4cf478932d",
        "token": "eyJ0eXAiOiJKV1QiLCJhbGciOiJIUzI1NiJ9.eyJ0b2tlbl90eXBlIjoicmVmcmVzaCIsImV4cCI6MTY4MTc1MzE4OSwiaWF0IjoxNjczOTc3MTg5LCJqdGkiOiIzMDc4ZmRlZjIxY2Q0M2M5YWE2YTBiNGNmNDc4OTMyZCIsInVzZXJfaWQiOiI0Zjg1OTRmMC04OWVlLTQ4MTYtYTM5NC02ZmFkMWM0NGQxZTAifQ.xTFLxqM34N52FiyZm6uHp5acFeWWAvJzJsMgcflhsRk",
        "created_at": "2023-01-17T17:39:49.870Z",
        "expires_at": "2023-04-17T17:39:49Z"
    }
},
{
    "model": "token_blacklist.outstandingtoken",
    "pk": 9,
    "fields": {
        "user": "4f8594f0-89ee-4816-a394-6fad1c44d1e0",
        "jti": "cb7663f68a3f46b296d1a2f21edd9401",
        "token": "eyJ0eXAiOiJKV1QiLCJhbGciOiJIUzI1NiJ9.eyJ0b2tlbl90eXBlIjoicmVmcmVzaCIsImV4cCI6MTY4MTc1NjMzMywiaWF0IjoxNjczOTgwMzMzLCJqdGkiOiJjYjc2NjNmNjhhM2Y0NmIyOTZkMWEyZjIxZWRkOTQwMSIsInVzZXJfaWQiOiI0Zjg1OTRmMC04OWVlLTQ4MTYtYTM5NC02ZmFkMWM0NGQxZTAifQ.NBZ41rR2zJj7qLIvsmAfKKKV6OcSqtttaeXbH6V_KS0",
        "created_at": "2023-01-17T18:32:13.241Z",
        "expires_at": "2023-04-17T18:32:13Z"
    }
},
{
    "model": "token_blacklist.outstandingtoken",
    "pk": 10,
    "fields": {
        "user": "4f8594f0-89ee-4816-a394-6fad1c44d1e0",
        "jti": "96479e7ca94e4746ace34de424ddb167",
        "token": "eyJ0eXAiOiJKV1QiLCJhbGciOiJIUzI1NiJ9.eyJ0b2tlbl90eXBlIjoicmVmcmVzaCIsImV4cCI6MTY4MTc2MDM2NSwiaWF0IjoxNjczOTg0MzY1LCJqdGkiOiI5NjQ3OWU3Y2E5NGU0NzQ2YWNlMzRkZTQyNGRkYjE2NyIsInVzZXJfaWQiOiI0Zjg1OTRmMC04OWVlLTQ4MTYtYTM5NC02ZmFkMWM0NGQxZTAifQ.w_U4Bf-zxZzratsvr5a4-6TVMFTtApkhNP-T45UHgc0",
        "created_at": "2023-01-17T19:39:25.570Z",
        "expires_at": "2023-04-17T19:39:25Z"
    }
},
{
    "model": "token_blacklist.outstandingtoken",
    "pk": 11,
    "fields": {
        "user": "4f8594f0-89ee-4816-a394-6fad1c44d1e0",
        "jti": "615410588ac048188dff1d7cebcd12a9",
        "token": "eyJ0eXAiOiJKV1QiLCJhbGciOiJIUzI1NiJ9.eyJ0b2tlbl90eXBlIjoicmVmcmVzaCIsImV4cCI6MTY4MTc2NTk5MSwiaWF0IjoxNjczOTg5OTkxLCJqdGkiOiI2MTU0MTA1ODhhYzA0ODE4OGRmZjFkN2NlYmNkMTJhOSIsInVzZXJfaWQiOiI0Zjg1OTRmMC04OWVlLTQ4MTYtYTM5NC02ZmFkMWM0NGQxZTAifQ.T36xPv7CNZpLrxvLDTWIKhmaaeW-cMbb1SOsbiBaMFs",
        "created_at": "2023-01-17T21:13:11.338Z",
        "expires_at": "2023-04-17T21:13:11Z"
    }
},
{
    "model": "token_blacklist.outstandingtoken",
    "pk": 12,
    "fields": {
        "user": "4f8594f0-89ee-4816-a394-6fad1c44d1e0",
        "jti": "4ae3c102f42f4cb389e82d0a0a08face",
        "token": "eyJ0eXAiOiJKV1QiLCJhbGciOiJIUzI1NiJ9.eyJ0b2tlbl90eXBlIjoicmVmcmVzaCIsImV4cCI6MTY4MTc2NTk5NiwiaWF0IjoxNjczOTg5OTk2LCJqdGkiOiI0YWUzYzEwMmY0MmY0Y2IzODllODJkMGEwYTA4ZmFjZSIsInVzZXJfaWQiOiI0Zjg1OTRmMC04OWVlLTQ4MTYtYTM5NC02ZmFkMWM0NGQxZTAifQ.2V4t4qbpLtrQv5vH5nxI6Y86SX0bhX4xRK0hNUXWfAE",
        "created_at": "2023-01-17T21:13:16.109Z",
        "expires_at": "2023-04-17T21:13:16Z"
    }
},
{
    "model": "token_blacklist.outstandingtoken",
    "pk": 13,
    "fields": {
        "user": "4f8594f0-89ee-4816-a394-6fad1c44d1e0",
        "jti": "09495baba68446c5bfd77fd4358ce42b",
        "token": "eyJ0eXAiOiJKV1QiLCJhbGciOiJIUzI1NiJ9.eyJ0b2tlbl90eXBlIjoicmVmcmVzaCIsImV4cCI6MTY4MTc2NjkzOSwiaWF0IjoxNjczOTkwOTM5LCJqdGkiOiIwOTQ5NWJhYmE2ODQ0NmM1YmZkNzdmZDQzNThjZTQyYiIsInVzZXJfaWQiOiI0Zjg1OTRmMC04OWVlLTQ4MTYtYTM5NC02ZmFkMWM0NGQxZTAifQ.bmm3V8h4ODOW7WYumkAB-qxuD28RAPhmnBRA3657_d8",
        "created_at": "2023-01-17T21:28:59.663Z",
        "expires_at": "2023-04-17T21:28:59Z"
    }
},
{
    "model": "token_blacklist.outstandingtoken",
    "pk": 14,
    "fields": {
        "user": "4f8594f0-89ee-4816-a394-6fad1c44d1e0",
        "jti": "72e02719ec2a48509e333b2a9e8bdbd7",
        "token": "eyJ0eXAiOiJKV1QiLCJhbGciOiJIUzI1NiJ9.eyJ0b2tlbl90eXBlIjoicmVmcmVzaCIsImV4cCI6MTY4MTc2Njk0MiwiaWF0IjoxNjczOTkwOTQyLCJqdGkiOiI3MmUwMjcxOWVjMmE0ODUwOWUzMzNiMmE5ZThiZGJkNyIsInVzZXJfaWQiOiI0Zjg1OTRmMC04OWVlLTQ4MTYtYTM5NC02ZmFkMWM0NGQxZTAifQ.wfXMjIDCqfjV7WQqKDpFR9Wev8xB3h3QX5ssUD0up30",
        "created_at": "2023-01-17T21:29:02.745Z",
        "expires_at": "2023-04-17T21:29:02Z"
    }
},
{
    "model": "token_blacklist.outstandingtoken",
    "pk": 15,
    "fields": {
        "user": "4f8594f0-89ee-4816-a394-6fad1c44d1e0",
        "jti": "fcbb388abb094c61b2a47aecdb3c0049",
        "token": "eyJ0eXAiOiJKV1QiLCJhbGciOiJIUzI1NiJ9.eyJ0b2tlbl90eXBlIjoicmVmcmVzaCIsImV4cCI6MTY4MTc2Njk4OCwiaWF0IjoxNjczOTkwOTg4LCJqdGkiOiJmY2JiMzg4YWJiMDk0YzYxYjJhNDdhZWNkYjNjMDA0OSIsInVzZXJfaWQiOiI0Zjg1OTRmMC04OWVlLTQ4MTYtYTM5NC02ZmFkMWM0NGQxZTAifQ.Fr-pD1WNJ-vfycRGtQSdKravyj6f6ucD2kns04fpOe0",
        "created_at": "2023-01-17T21:29:48.109Z",
        "expires_at": "2023-04-17T21:29:48Z"
    }
},
{
    "model": "token_blacklist.outstandingtoken",
    "pk": 16,
    "fields": {
        "user": "4f8594f0-89ee-4816-a394-6fad1c44d1e0",
        "jti": "9019dc28411e43259325462ee67b1d8e",
        "token": "eyJ0eXAiOiJKV1QiLCJhbGciOiJIUzI1NiJ9.eyJ0b2tlbl90eXBlIjoicmVmcmVzaCIsImV4cCI6MTY4MTc2NzAwMiwiaWF0IjoxNjczOTkxMDAyLCJqdGkiOiI5MDE5ZGMyODQxMWU0MzI1OTMyNTQ2MmVlNjdiMWQ4ZSIsInVzZXJfaWQiOiI0Zjg1OTRmMC04OWVlLTQ4MTYtYTM5NC02ZmFkMWM0NGQxZTAifQ.-6mEkF0sd7P2UWJvYY8DJ2uchXXITO7FNjKS6mqppXk",
        "created_at": "2023-01-17T21:30:02.921Z",
        "expires_at": "2023-04-17T21:30:02Z"
    }
},
{
    "model": "token_blacklist.outstandingtoken",
    "pk": 17,
    "fields": {
        "user": "4f8594f0-89ee-4816-a394-6fad1c44d1e0",
        "jti": "a4c7e59ae1054d08942b6690ce24bf71",
        "token": "eyJ0eXAiOiJKV1QiLCJhbGciOiJIUzI1NiJ9.eyJ0b2tlbl90eXBlIjoicmVmcmVzaCIsImV4cCI6MTY4MTc2NzA0OSwiaWF0IjoxNjczOTkxMDQ5LCJqdGkiOiJhNGM3ZTU5YWUxMDU0ZDA4OTQyYjY2OTBjZTI0YmY3MSIsInVzZXJfaWQiOiI0Zjg1OTRmMC04OWVlLTQ4MTYtYTM5NC02ZmFkMWM0NGQxZTAifQ.q99Daf2ybJc5XksjuxIiCQFBk1mHncyVRlHJ9aysLZU",
        "created_at": "2023-01-17T21:30:49.576Z",
        "expires_at": "2023-04-17T21:30:49Z"
    }
},
{
    "model": "token_blacklist.outstandingtoken",
    "pk": 18,
    "fields": {
        "user": "4f8594f0-89ee-4816-a394-6fad1c44d1e0",
        "jti": "8880eb88d55348bc8c3fbb8363d5da3a",
        "token": "eyJ0eXAiOiJKV1QiLCJhbGciOiJIUzI1NiJ9.eyJ0b2tlbl90eXBlIjoicmVmcmVzaCIsImV4cCI6MTY4MTc2NzEwMywiaWF0IjoxNjczOTkxMTAzLCJqdGkiOiI4ODgwZWI4OGQ1NTM0OGJjOGMzZmJiODM2M2Q1ZGEzYSIsInVzZXJfaWQiOiI0Zjg1OTRmMC04OWVlLTQ4MTYtYTM5NC02ZmFkMWM0NGQxZTAifQ.95sKIIA2qDsGzuYVVaynBaWXynuUeDNded0GH5y9AnI",
        "created_at": "2023-01-17T21:31:43.193Z",
        "expires_at": "2023-04-17T21:31:43Z"
    }
},
{
    "model": "token_blacklist.outstandingtoken",
    "pk": 19,
    "fields": {
        "user": "4f8594f0-89ee-4816-a394-6fad1c44d1e0",
        "jti": "c692215f375f4130bde0aef69fafdadf",
        "token": "eyJ0eXAiOiJKV1QiLCJhbGciOiJIUzI1NiJ9.eyJ0b2tlbl90eXBlIjoicmVmcmVzaCIsImV4cCI6MTY4MTc2NzQ0MCwiaWF0IjoxNjczOTkxNDQwLCJqdGkiOiJjNjkyMjE1ZjM3NWY0MTMwYmRlMGFlZjY5ZmFmZGFkZiIsInVzZXJfaWQiOiI0Zjg1OTRmMC04OWVlLTQ4MTYtYTM5NC02ZmFkMWM0NGQxZTAifQ.dqyeAm2yObAJLSwJ4iRsguWMOvLnY71EB9SCRu6GBp4",
        "created_at": "2023-01-17T21:37:20.343Z",
        "expires_at": "2023-04-17T21:37:20Z"
    }
},
{
    "model": "token_blacklist.outstandingtoken",
    "pk": 20,
    "fields": {
        "user": "4f8594f0-89ee-4816-a394-6fad1c44d1e0",
        "jti": "de37a380ddae4b63ac69ec47c044304f",
        "token": "eyJ0eXAiOiJKV1QiLCJhbGciOiJIUzI1NiJ9.eyJ0b2tlbl90eXBlIjoicmVmcmVzaCIsImV4cCI6MTY4MTc2NzQ1NCwiaWF0IjoxNjczOTkxNDU0LCJqdGkiOiJkZTM3YTM4MGRkYWU0YjYzYWM2OWVjNDdjMDQ0MzA0ZiIsInVzZXJfaWQiOiI0Zjg1OTRmMC04OWVlLTQ4MTYtYTM5NC02ZmFkMWM0NGQxZTAifQ.8xB8x83CQQkj1VaaNmw2QwkCb7-Ocr5b7WY1PHEV9d8",
        "created_at": "2023-01-17T21:37:34.041Z",
        "expires_at": "2023-04-17T21:37:34Z"
    }
},
{
    "model": "token_blacklist.outstandingtoken",
    "pk": 21,
    "fields": {
        "user": "4f8594f0-89ee-4816-a394-6fad1c44d1e0",
        "jti": "4f602cdde6884a63981d503e7661920c",
        "token": "eyJ0eXAiOiJKV1QiLCJhbGciOiJIUzI1NiJ9.eyJ0b2tlbl90eXBlIjoicmVmcmVzaCIsImV4cCI6MTY4MTgzMzY0MSwiaWF0IjoxNjc0MDU3NjQxLCJqdGkiOiI0ZjYwMmNkZGU2ODg0YTYzOTgxZDUwM2U3NjYxOTIwYyIsInVzZXJfaWQiOiI0Zjg1OTRmMC04OWVlLTQ4MTYtYTM5NC02ZmFkMWM0NGQxZTAifQ.vig5ymoFrKBVKRkt2OpSk9MfD7mxQ0OtKy8LLOHy1Do",
        "created_at": "2023-01-18T16:00:41.192Z",
        "expires_at": "2023-04-18T16:00:41Z"
    }
},
{
    "model": "token_blacklist.outstandingtoken",
    "pk": 22,
    "fields": {
        "user": "4f8594f0-89ee-4816-a394-6fad1c44d1e0",
        "jti": "417d30bfa36249c0b71693b19c7268cb",
        "token": "eyJ0eXAiOiJKV1QiLCJhbGciOiJIUzI1NiJ9.eyJ0b2tlbl90eXBlIjoicmVmcmVzaCIsImV4cCI6MTY4MTgzMzY0NSwiaWF0IjoxNjc0MDU3NjQ1LCJqdGkiOiI0MTdkMzBiZmEzNjI0OWMwYjcxNjkzYjE5YzcyNjhjYiIsInVzZXJfaWQiOiI0Zjg1OTRmMC04OWVlLTQ4MTYtYTM5NC02ZmFkMWM0NGQxZTAifQ.JnpmdhKBN0dEYiUTS1mXKLXRrfEw6YkbCzU7CkVI0yw",
        "created_at": "2023-01-18T16:00:45.235Z",
        "expires_at": "2023-04-18T16:00:45Z"
    }
},
{
    "model": "token_blacklist.outstandingtoken",
    "pk": 23,
    "fields": {
        "user": "4f8594f0-89ee-4816-a394-6fad1c44d1e0",
        "jti": "c25b17d420ea4f15bf01dc696ab105c9",
        "token": "eyJ0eXAiOiJKV1QiLCJhbGciOiJIUzI1NiJ9.eyJ0b2tlbl90eXBlIjoicmVmcmVzaCIsImV4cCI6MTY4MTgzMzcyNSwiaWF0IjoxNjc0MDU3NzI1LCJqdGkiOiJjMjViMTdkNDIwZWE0ZjE1YmYwMWRjNjk2YWIxMDVjOSIsInVzZXJfaWQiOiI0Zjg1OTRmMC04OWVlLTQ4MTYtYTM5NC02ZmFkMWM0NGQxZTAifQ.IkS4cJE0U-QEFLIkuns9xmrMhPHnIlbZN7swXTUWtB4",
        "created_at": "2023-01-18T16:02:05.681Z",
        "expires_at": "2023-04-18T16:02:05Z"
    }
},
{
    "model": "token_blacklist.outstandingtoken",
    "pk": 24,
    "fields": {
        "user": "4f8594f0-89ee-4816-a394-6fad1c44d1e0",
        "jti": "e0645dcd0d764fcd9de9ee307ea201d4",
        "token": "eyJ0eXAiOiJKV1QiLCJhbGciOiJIUzI1NiJ9.eyJ0b2tlbl90eXBlIjoicmVmcmVzaCIsImV4cCI6MTY4MTg0MTMzNywiaWF0IjoxNjc0MDY1MzM3LCJqdGkiOiJlMDY0NWRjZDBkNzY0ZmNkOWRlOWVlMzA3ZWEyMDFkNCIsInVzZXJfaWQiOiI0Zjg1OTRmMC04OWVlLTQ4MTYtYTM5NC02ZmFkMWM0NGQxZTAifQ.QeOFJ_F_kZ869pFIMYB9M0wb7lRNc9eT1DBYhGMf7mY",
        "created_at": "2023-01-18T18:08:57.957Z",
        "expires_at": "2023-04-18T18:08:57Z"
    }
},
{
    "model": "token_blacklist.outstandingtoken",
    "pk": 25,
    "fields": {
        "user": "4f8594f0-89ee-4816-a394-6fad1c44d1e0",
        "jti": "f88aa94395144e4d8bad0abdaa612f13",
        "token": "eyJ0eXAiOiJKV1QiLCJhbGciOiJIUzI1NiJ9.eyJ0b2tlbl90eXBlIjoicmVmcmVzaCIsImV4cCI6MTY4MTg0NTA4MywiaWF0IjoxNjc0MDY5MDgzLCJqdGkiOiJmODhhYTk0Mzk1MTQ0ZTRkOGJhZDBhYmRhYTYxMmYxMyIsInVzZXJfaWQiOiI0Zjg1OTRmMC04OWVlLTQ4MTYtYTM5NC02ZmFkMWM0NGQxZTAifQ.vQc6z5CiXNUTEz-M0nkM97kiPsqUQfdl-wKqtFUvHnk",
        "created_at": "2023-01-18T19:11:23.384Z",
        "expires_at": "2023-04-18T19:11:23Z"
    }
},
{
    "model": "token_blacklist.outstandingtoken",
    "pk": 26,
    "fields": {
        "user": "4f8594f0-89ee-4816-a394-6fad1c44d1e0",
        "jti": "3b1cdf82a32747c2832bbc892ec9dcf3",
        "token": "eyJ0eXAiOiJKV1QiLCJhbGciOiJIUzI1NiJ9.eyJ0b2tlbl90eXBlIjoicmVmcmVzaCIsImV4cCI6MTY4MTg0NTA4NiwiaWF0IjoxNjc0MDY5MDg2LCJqdGkiOiIzYjFjZGY4MmEzMjc0N2MyODMyYmJjODkyZWM5ZGNmMyIsInVzZXJfaWQiOiI0Zjg1OTRmMC04OWVlLTQ4MTYtYTM5NC02ZmFkMWM0NGQxZTAifQ.0V4YY48Cp9VLF-8AjJTkp820MOxgCh5wep9BW-AR2TI",
        "created_at": "2023-01-18T19:11:26.377Z",
        "expires_at": "2023-04-18T19:11:26Z"
    }
},
{
    "model": "token_blacklist.outstandingtoken",
    "pk": 27,
    "fields": {
        "user": "4f8594f0-89ee-4816-a394-6fad1c44d1e0",
        "jti": "401ef05b627d4907b5d43acdb894f53f",
        "token": "eyJ0eXAiOiJKV1QiLCJhbGciOiJIUzI1NiJ9.eyJ0b2tlbl90eXBlIjoicmVmcmVzaCIsImV4cCI6MTY4MTg0NjEwNSwiaWF0IjoxNjc0MDcwMTA1LCJqdGkiOiI0MDFlZjA1YjYyN2Q0OTA3YjVkNDNhY2RiODk0ZjUzZiIsInVzZXJfaWQiOiI0Zjg1OTRmMC04OWVlLTQ4MTYtYTM5NC02ZmFkMWM0NGQxZTAifQ.yJoKcHQDze1AxW-wdk7-G96YmN0M_LzEphP1uTu3MmU",
        "created_at": "2023-01-18T19:28:25.372Z",
        "expires_at": "2023-04-18T19:28:25Z"
    }
},
{
    "model": "token_blacklist.outstandingtoken",
    "pk": 28,
    "fields": {
        "user": "4f8594f0-89ee-4816-a394-6fad1c44d1e0",
        "jti": "a365261e25244988a98d7c95d54f235a",
        "token": "eyJ0eXAiOiJKV1QiLCJhbGciOiJIUzI1NiJ9.eyJ0b2tlbl90eXBlIjoicmVmcmVzaCIsImV4cCI6MTY4MTg0ODczNiwiaWF0IjoxNjc0MDcyNzM2LCJqdGkiOiJhMzY1MjYxZTI1MjQ0OTg4YTk4ZDdjOTVkNTRmMjM1YSIsInVzZXJfaWQiOiI0Zjg1OTRmMC04OWVlLTQ4MTYtYTM5NC02ZmFkMWM0NGQxZTAifQ.H64OHya2H-E55C__g1PsJcrR1wbOAbIaq9hDeNoG2Ps",
        "created_at": "2023-01-18T20:12:16.402Z",
        "expires_at": "2023-04-18T20:12:16Z"
    }
},
{
    "model": "token_blacklist.outstandingtoken",
    "pk": 29,
    "fields": {
        "user": "4f8594f0-89ee-4816-a394-6fad1c44d1e0",
        "jti": "2d8fdc1849af49dcab002956080ecd12",
        "token": "eyJ0eXAiOiJKV1QiLCJhbGciOiJIUzI1NiJ9.eyJ0b2tlbl90eXBlIjoicmVmcmVzaCIsImV4cCI6MTY4MTg1MTA4NywiaWF0IjoxNjc0MDc1MDg3LCJqdGkiOiIyZDhmZGMxODQ5YWY0OWRjYWIwMDI5NTYwODBlY2QxMiIsInVzZXJfaWQiOiI0Zjg1OTRmMC04OWVlLTQ4MTYtYTM5NC02ZmFkMWM0NGQxZTAifQ.QXvjSCNioNAHG6VZi1xl2OTrQVtGHGjWonaCDyHGHAk",
        "created_at": "2023-01-18T20:51:27.264Z",
        "expires_at": "2023-04-18T20:51:27Z"
    }
},
{
    "model": "token_blacklist.outstandingtoken",
    "pk": 30,
    "fields": {
        "user": "4f8594f0-89ee-4816-a394-6fad1c44d1e0",
        "jti": "6026e79605cf4a84888f63c4fa44ef1d",
        "token": "eyJ0eXAiOiJKV1QiLCJhbGciOiJIUzI1NiJ9.eyJ0b2tlbl90eXBlIjoicmVmcmVzaCIsImV4cCI6MTY4MTg1MjQ2MCwiaWF0IjoxNjc0MDc2NDYwLCJqdGkiOiI2MDI2ZTc5NjA1Y2Y0YTg0ODg4ZjYzYzRmYTQ0ZWYxZCIsInVzZXJfaWQiOiI0Zjg1OTRmMC04OWVlLTQ4MTYtYTM5NC02ZmFkMWM0NGQxZTAifQ.tegOFm0apwNMNMsZ7lhl3hNVqdpiwunNqH6cD7jh2eE",
        "created_at": "2023-01-18T21:14:20.878Z",
        "expires_at": "2023-04-18T21:14:20Z"
    }
},
{
    "model": "token_blacklist.outstandingtoken",
    "pk": 31,
    "fields": {
        "user": "4f8594f0-89ee-4816-a394-6fad1c44d1e0",
        "jti": "4504da85d49e4eff961eb2bdb624f310",
        "token": "eyJ0eXAiOiJKV1QiLCJhbGciOiJIUzI1NiJ9.eyJ0b2tlbl90eXBlIjoicmVmcmVzaCIsImV4cCI6MTY4MTkxMTQzOSwiaWF0IjoxNjc0MTM1NDM5LCJqdGkiOiI0NTA0ZGE4NWQ0OWU0ZWZmOTYxZWIyYmRiNjI0ZjMxMCIsInVzZXJfaWQiOiI0Zjg1OTRmMC04OWVlLTQ4MTYtYTM5NC02ZmFkMWM0NGQxZTAifQ.Uz6awyU_BNOc0UPA7VWDZDWYOGDOMh92r-EO1qlHYvM",
        "created_at": "2023-01-19T13:37:19.646Z",
        "expires_at": "2023-04-19T13:37:19Z"
    }
},
{
    "model": "token_blacklist.outstandingtoken",
    "pk": 32,
    "fields": {
        "user": "4f8594f0-89ee-4816-a394-6fad1c44d1e0",
        "jti": "0c0553d1832240c58065bbc7709f48fd",
        "token": "eyJ0eXAiOiJKV1QiLCJhbGciOiJIUzI1NiJ9.eyJ0b2tlbl90eXBlIjoicmVmcmVzaCIsImV4cCI6MTY4MTkzMjcwMiwiaWF0IjoxNjc0MTU2NzAyLCJqdGkiOiIwYzA1NTNkMTgzMjI0MGM1ODA2NWJiYzc3MDlmNDhmZCIsInVzZXJfaWQiOiI0Zjg1OTRmMC04OWVlLTQ4MTYtYTM5NC02ZmFkMWM0NGQxZTAifQ.Fnfw0iC0bDX6bxQpJ_TdklGDznbkgb33ijxJjTdA-xw",
        "created_at": "2023-01-19T19:31:42.102Z",
        "expires_at": "2023-04-19T19:31:42Z"
    }
},
{
    "model": "token_blacklist.outstandingtoken",
    "pk": 33,
    "fields": {
        "user": "4f8594f0-89ee-4816-a394-6fad1c44d1e0",
        "jti": "50a3d9a7649f4d1790803545bf717aa7",
        "token": "eyJ0eXAiOiJKV1QiLCJhbGciOiJIUzI1NiJ9.eyJ0b2tlbl90eXBlIjoicmVmcmVzaCIsImV4cCI6MTY4MTk4OTk1OSwiaWF0IjoxNjc0MjEzOTU5LCJqdGkiOiI1MGEzZDlhNzY0OWY0ZDE3OTA4MDM1NDViZjcxN2FhNyIsInVzZXJfaWQiOiI0Zjg1OTRmMC04OWVlLTQ4MTYtYTM5NC02ZmFkMWM0NGQxZTAifQ.yH4rO3UqdcR689gbvk4T9ZXlrseWTO4pcpYi7-8gtjQ",
        "created_at": "2023-01-20T11:25:59.946Z",
        "expires_at": "2023-04-20T11:25:59Z"
    }
},
{
    "model": "token_blacklist.outstandingtoken",
    "pk": 34,
    "fields": {
        "user": "4f8594f0-89ee-4816-a394-6fad1c44d1e0",
        "jti": "f58cf004427a40a09f4e401f6b0c5950",
        "token": "eyJ0eXAiOiJKV1QiLCJhbGciOiJIUzI1NiJ9.eyJ0b2tlbl90eXBlIjoicmVmcmVzaCIsImV4cCI6MTY4MjAwMDYwNiwiaWF0IjoxNjc0MjI0NjA2LCJqdGkiOiJmNThjZjAwNDQyN2E0MGEwOWY0ZTQwMWY2YjBjNTk1MCIsInVzZXJfaWQiOiI0Zjg1OTRmMC04OWVlLTQ4MTYtYTM5NC02ZmFkMWM0NGQxZTAifQ.Ws3uPJIdVN83Mn19fuu_0IIWcxPoOei4I_tUYC07F2w",
        "created_at": "2023-01-20T14:23:26.494Z",
        "expires_at": "2023-04-20T14:23:26Z"
    }
},
{
    "model": "token_blacklist.outstandingtoken",
    "pk": 35,
    "fields": {
        "user": "4f8594f0-89ee-4816-a394-6fad1c44d1e0",
        "jti": "209a25a1d5064d9c91f864b21579b433",
        "token": "eyJ0eXAiOiJKV1QiLCJhbGciOiJIUzI1NiJ9.eyJ0b2tlbl90eXBlIjoicmVmcmVzaCIsImV4cCI6MTY4MjAwNjA0NywiaWF0IjoxNjc0MjMwMDQ3LCJqdGkiOiIyMDlhMjVhMWQ1MDY0ZDljOTFmODY0YjIxNTc5YjQzMyIsInVzZXJfaWQiOiI0Zjg1OTRmMC04OWVlLTQ4MTYtYTM5NC02ZmFkMWM0NGQxZTAifQ.UyHJxsPuSw1L2ET7ZmmUkmdC9UygQ15u016feNFkn5E",
        "created_at": "2023-01-20T15:54:07.313Z",
        "expires_at": "2023-04-20T15:54:07Z"
    }
},
{
    "model": "token_blacklist.outstandingtoken",
    "pk": 36,
    "fields": {
        "user": "4f8594f0-89ee-4816-a394-6fad1c44d1e0",
        "jti": "f137a5971e0b411fbab12cca6f19673b",
        "token": "eyJ0eXAiOiJKV1QiLCJhbGciOiJIUzI1NiJ9.eyJ0b2tlbl90eXBlIjoicmVmcmVzaCIsImV4cCI6MTY4MjAwOTczMiwiaWF0IjoxNjc0MjMzNzMyLCJqdGkiOiJmMTM3YTU5NzFlMGI0MTFmYmFiMTJjY2E2ZjE5NjczYiIsInVzZXJfaWQiOiI0Zjg1OTRmMC04OWVlLTQ4MTYtYTM5NC02ZmFkMWM0NGQxZTAifQ.yA1VnhMtx2PooOsZaw31_x3hZ17qghuE80P2AkygBxA",
        "created_at": "2023-01-20T16:55:32.971Z",
        "expires_at": "2023-04-20T16:55:32Z"
    }
},
{
    "model": "admin.logentry",
    "pk": 1,
    "fields": {
        "action_time": "2023-01-17T10:14:23.564Z",
        "user": "4f8594f0-89ee-4816-a394-6fad1c44d1e0",
        "content_type": 12,
        "object_id": "1",
        "object_repr": "Invoice-1 - for Store 1",
        "action_flag": 3,
        "change_message": ""
    }
},
{
    "model": "admin.logentry",
    "pk": 2,
    "fields": {
        "action_time": "2023-01-17T10:56:16.705Z",
        "user": "4f8594f0-89ee-4816-a394-6fad1c44d1e0",
        "content_type": 20,
        "object_id": "1",
        "object_repr": "admin employee-2023-01-17",
        "action_flag": 1,
        "change_message": "[{\"added\": {}}]"
    }
},
{
    "model": "admin.logentry",
    "pk": 3,
    "fields": {
        "action_time": "2023-01-17T17:55:00.831Z",
        "user": "4f8594f0-89ee-4816-a394-6fad1c44d1e0",
        "content_type": 19,
        "object_id": "1",
        "object_repr": "admin employee",
        "action_flag": 2,
        "change_message": "[{\"changed\": {\"fields\": [\"Store\"]}}]"
    }
},
{
    "model": "admin.logentry",
    "pk": 4,
    "fields": {
        "action_time": "2023-01-17T17:57:59.314Z",
        "user": "4f8594f0-89ee-4816-a394-6fad1c44d1e0",
        "content_type": 19,
        "object_id": "1",
        "object_repr": "admin employee",
        "action_flag": 2,
        "change_message": "[{\"changed\": {\"fields\": [\"Store\"]}}]"
    }
},
{
    "model": "admin.logentry",
    "pk": 5,
    "fields": {
        "action_time": "2023-01-17T18:01:58.876Z",
        "user": "4f8594f0-89ee-4816-a394-6fad1c44d1e0",
        "content_type": 18,
        "object_id": "1",
        "object_repr": "#234",
        "action_flag": 3,
        "change_message": ""
    }
},
{
    "model": "admin.logentry",
    "pk": 6,
    "fields": {
        "action_time": "2023-01-17T21:38:46.853Z",
        "user": "4f8594f0-89ee-4816-a394-6fad1c44d1e0",
        "content_type": 20,
        "object_id": "2",
        "object_repr": "admin employee-2023-01-18",
        "action_flag": 3,
        "change_message": ""
    }
},
{
    "model": "admin.logentry",
    "pk": 7,
    "fields": {
        "action_time": "2023-01-17T21:39:46.758Z",
        "user": "4f8594f0-89ee-4816-a394-6fad1c44d1e0",
        "content_type": 20,
        "object_id": "10",
        "object_repr": "admin employee-2023-01-18",
        "action_flag": 3,
        "change_message": ""
    }
},
{
    "model": "admin.logentry",
    "pk": 8,
    "fields": {
        "action_time": "2023-01-18T16:25:35.460Z",
        "user": "4f8594f0-89ee-4816-a394-6fad1c44d1e0",
        "content_type": 20,
        "object_id": "11",
        "object_repr": "admin employee-2023-01-18",
        "action_flag": 3,
        "change_message": ""
    }
},
{
    "model": "admin.logentry",
    "pk": 9,
    "fields": {
        "action_time": "2023-01-18T16:27:49.218Z",
        "user": "4f8594f0-89ee-4816-a394-6fad1c44d1e0",
        "content_type": 20,
        "object_id": "13",
        "object_repr": "admin employee-2023-01-18",
        "action_flag": 3,
        "change_message": ""
    }
},
{
    "model": "admin.logentry",
    "pk": 10,
    "fields": {
        "action_time": "2023-01-18T17:10:16.897Z",
        "user": "4f8594f0-89ee-4816-a394-6fad1c44d1e0",
        "content_type": 20,
        "object_id": "14",
        "object_repr": "admin employee-2023-01-18",
        "action_flag": 3,
        "change_message": ""
    }
},
{
    "model": "admin.logentry",
    "pk": 11,
    "fields": {
        "action_time": "2023-01-18T17:55:18.284Z",
        "user": "4f8594f0-89ee-4816-a394-6fad1c44d1e0",
        "content_type": 21,
        "object_id": "1",
        "object_repr": "23394",
        "action_flag": 1,
        "change_message": "[{\"added\": {}}]"
    }
},
{
    "model": "admin.logentry",
    "pk": 12,
    "fields": {
        "action_time": "2023-01-18T17:56:09.674Z",
        "user": "4f8594f0-89ee-4816-a394-6fad1c44d1e0",
        "content_type": 22,
        "object_id": "1",
        "object_repr": "admin employee-23394-2023-01-18",
        "action_flag": 1,
        "change_message": "[{\"added\": {}}]"
    }
},
{
    "model": "admin.logentry",
    "pk": 13,
    "fields": {
        "action_time": "2023-01-18T17:56:29.899Z",
        "user": "4f8594f0-89ee-4816-a394-6fad1c44d1e0",
        "content_type": 23,
        "object_id": "1",
        "object_repr": "CarActivityRide object (1)",
        "action_flag": 1,
        "change_message": "[{\"added\": {}}]"
    }
},
{
    "model": "admin.logentry",
    "pk": 14,
    "fields": {
        "action_time": "2023-01-18T17:56:50.374Z",
        "user": "4f8594f0-89ee-4816-a394-6fad1c44d1e0",
        "content_type": 23,
        "object_id": "2",
        "object_repr": "CarActivityRide object (2)",
        "action_flag": 1,
        "change_message": "[{\"added\": {}}]"
    }
},
{
    "model": "admin.logentry",
    "pk": 15,
    "fields": {
        "action_time": "2023-01-18T19:16:14.854Z",
        "user": "4f8594f0-89ee-4816-a394-6fad1c44d1e0",
        "content_type": 20,
        "object_id": "16",
        "object_repr": "admin employee-2023-01-18",
        "action_flag": 1,
        "change_message": "[{\"added\": {}}]"
    }
},
{
    "model": "admin.logentry",
    "pk": 16,
    "fields": {
        "action_time": "2023-01-18T20:13:05.111Z",
        "user": "4f8594f0-89ee-4816-a394-6fad1c44d1e0",
        "content_type": 20,
        "object_id": "16",
        "object_repr": "admin employee-2023-01-18",
        "action_flag": 3,
        "change_message": ""
    }
},
{
    "model": "admin.logentry",
    "pk": 17,
    "fields": {
        "action_time": "2023-01-18T20:17:17.017Z",
        "user": "4f8594f0-89ee-4816-a394-6fad1c44d1e0",
        "content_type": 20,
        "object_id": "17",
        "object_repr": "admin employee-2023-01-18",
        "action_flag": 3,
        "change_message": ""
    }
},
{
    "model": "admin.logentry",
    "pk": 18,
    "fields": {
        "action_time": "2023-01-18T20:47:38.982Z",
        "user": "4f8594f0-89ee-4816-a394-6fad1c44d1e0",
        "content_type": 19,
        "object_id": "2",
        "object_repr": "Karam",
        "action_flag": 1,
        "change_message": "[{\"added\": {}}]"
    }
},
{
    "model": "admin.logentry",
    "pk": 19,
    "fields": {
        "action_time": "2023-01-18T20:52:59.452Z",
        "user": "4f8594f0-89ee-4816-a394-6fad1c44d1e0",
        "content_type": 20,
        "object_id": "18",
        "object_repr": "admin employee-2023-01-18",
        "action_flag": 3,
        "change_message": ""
    }
},
{
    "model": "admin.logentry",
    "pk": 20,
    "fields": {
        "action_time": "2023-01-19T13:38:37.902Z",
        "user": "4f8594f0-89ee-4816-a394-6fad1c44d1e0",
        "content_type": 21,
        "object_id": "1",
        "object_repr": "23394",
        "action_flag": 2,
        "change_message": "[{\"changed\": {\"fields\": [\"Driver\"]}}]"
    }
},
{
    "model": "admin.logentry",
    "pk": 21,
    "fields": {
        "action_time": "2023-01-19T13:38:42.125Z",
        "user": "4f8594f0-89ee-4816-a394-6fad1c44d1e0",
        "content_type": 21,
        "object_id": "2",
        "object_repr": "23394N",
        "action_flag": 2,
        "change_message": "[{\"changed\": {\"fields\": [\"Driver\"]}}]"
    }
},
{
    "model": "admin.logentry",
    "pk": 22,
    "fields": {
        "action_time": "2023-01-19T13:46:03.863Z",
        "user": "4f8594f0-89ee-4816-a394-6fad1c44d1e0",
        "content_type": 21,
        "object_id": "3",
        "object_repr": "23394N",
        "action_flag": 3,
        "change_message": ""
    }
},
{
    "model": "admin.logentry",
    "pk": 23,
    "fields": {
        "action_time": "2023-01-19T19:32:57.547Z",
        "user": "4f8594f0-89ee-4816-a394-6fad1c44d1e0",
        "content_type": 22,
        "object_id": "2",
        "object_repr": "None-23394-2029-01-18",
        "action_flag": 3,
        "change_message": ""
    }
},
{
    "model": "admin.logentry",
    "pk": 24,
    "fields": {
        "action_time": "2023-01-19T19:32:57.551Z",
        "user": "4f8594f0-89ee-4816-a394-6fad1c44d1e0",
        "content_type": 22,
        "object_id": "1",
        "object_repr": "None-23394-2023-01-18",
        "action_flag": 3,
        "change_message": ""
    }
},
{
    "model": "admin.logentry",
    "pk": 25,
    "fields": {
        "action_time": "2023-01-19T19:43:18.438Z",
        "user": "4f8594f0-89ee-4816-a394-6fad1c44d1e0",
        "content_type": 22,
        "object_id": "6",
        "object_repr": "None-23394N-2029-01-18",
        "action_flag": 3,
        "change_message": ""
    }
},
{
    "model": "admin.logentry",
    "pk": 26,
    "fields": {
        "action_time": "2023-01-19T19:54:39.830Z",
        "user": "4f8594f0-89ee-4816-a394-6fad1c44d1e0",
        "content_type": 22,
        "object_id": "7",
        "object_repr": "None-23394N-2029-01-18",
        "action_flag": 3,
        "change_message": ""
    }
},
{
    "model": "admin.logentry",
    "pk": 27,
    "fields": {
        "action_time": "2023-01-19T20:16:08.918Z",
        "user": "4f8594f0-89ee-4816-a394-6fad1c44d1e0",
        "content_type": 22,
        "object_id": "5",
        "object_repr": "Karam-23394N-2029-01-18",
        "action_flag": 3,
        "change_message": ""
    }
},
{
    "model": "admin.logentry",
    "pk": 28,
    "fields": {
        "action_time": "2023-01-19T20:16:08.920Z",
        "user": "4f8594f0-89ee-4816-a394-6fad1c44d1e0",
        "content_type": 22,
        "object_id": "4",
        "object_repr": "Karam-23394N-2029-01-18",
        "action_flag": 3,
        "change_message": ""
    }
},
{
    "model": "admin.logentry",
    "pk": 29,
    "fields": {
        "action_time": "2023-01-19T20:16:08.922Z",
        "user": "4f8594f0-89ee-4816-a394-6fad1c44d1e0",
        "content_type": 22,
        "object_id": "3",
        "object_repr": "Karam-23394N-2029-01-18",
        "action_flag": 3,
        "change_message": ""
    }
},
{
    "model": "admin.logentry",
    "pk": 30,
    "fields": {
        "action_time": "2023-01-19T20:21:01.014Z",
        "user": "4f8594f0-89ee-4816-a394-6fad1c44d1e0",
        "content_type": 22,
        "object_id": "8",
        "object_repr": "None-23394N-2029-01-18",
        "action_flag": 3,
        "change_message": ""
    }
},
{
    "model": "admin.logentry",
    "pk": 31,
    "fields": {
        "action_time": "2023-01-20T11:27:03.487Z",
        "user": "4f8594f0-89ee-4816-a394-6fad1c44d1e0",
        "content_type": 21,
        "object_id": "4",
        "object_repr": "23394N",
        "action_flag": 3,
        "change_message": ""
    }
},
{
    "model": "admin.logentry",
    "pk": 32,
    "fields": {
        "action_time": "2023-01-20T11:27:03.493Z",
        "user": "4f8594f0-89ee-4816-a394-6fad1c44d1e0",
        "content_type": 21,
        "object_id": "2",
        "object_repr": "23394N",
        "action_flag": 3,
        "change_message": ""
    }
},
{
    "model": "admin.logentry",
    "pk": 33,
    "fields": {
        "action_time": "2023-01-20T11:27:03.495Z",
        "user": "4f8594f0-89ee-4816-a394-6fad1c44d1e0",
        "content_type": 21,
        "object_id": "1",
        "object_repr": "23394",
        "action_flag": 3,
        "change_message": ""
    }
},
{
    "model": "admin.logentry",
    "pk": 34,
    "fields": {
        "action_time": "2023-01-20T11:27:11.531Z",
        "user": "4f8594f0-89ee-4816-a394-6fad1c44d1e0",
        "content_type": 19,
        "object_id": "2",
        "object_repr": "Karam",
        "action_flag": 3,
        "change_message": ""
    }
},
{
    "model": "admin.logentry",
    "pk": 35,
    "fields": {
        "action_time": "2023-01-20T11:27:20.902Z",
        "user": "4f8594f0-89ee-4816-a394-6fad1c44d1e0",
        "content_type": 16,
        "object_id": "17",
        "object_repr": "Image object (17)",
        "action_flag": 3,
        "change_message": ""
    }
},
{
    "model": "admin.logentry",
    "pk": 36,
    "fields": {
        "action_time": "2023-01-20T11:27:20.905Z",
        "user": "4f8594f0-89ee-4816-a394-6fad1c44d1e0",
        "content_type": 16,
        "object_id": "16",
        "object_repr": "Image object (16)",
        "action_flag": 3,
        "change_message": ""
    }
},
{
    "model": "admin.logentry",
    "pk": 37,
    "fields": {
        "action_time": "2023-01-20T11:27:20.908Z",
        "user": "4f8594f0-89ee-4816-a394-6fad1c44d1e0",
        "content_type": 16,
        "object_id": "15",
        "object_repr": "Image object (15)",
        "action_flag": 3,
        "change_message": ""
    }
},
{
    "model": "admin.logentry",
    "pk": 38,
    "fields": {
        "action_time": "2023-01-20T11:27:20.911Z",
        "user": "4f8594f0-89ee-4816-a394-6fad1c44d1e0",
        "content_type": 16,
        "object_id": "14",
        "object_repr": "Image object (14)",
        "action_flag": 3,
        "change_message": ""
    }
},
{
    "model": "admin.logentry",
    "pk": 39,
    "fields": {
        "action_time": "2023-01-20T11:27:20.914Z",
        "user": "4f8594f0-89ee-4816-a394-6fad1c44d1e0",
        "content_type": 16,
        "object_id": "13",
        "object_repr": "Image object (13)",
        "action_flag": 3,
        "change_message": ""
    }
},
{
    "model": "admin.logentry",
    "pk": 40,
    "fields": {
        "action_time": "2023-01-20T11:27:20.916Z",
        "user": "4f8594f0-89ee-4816-a394-6fad1c44d1e0",
        "content_type": 16,
        "object_id": "12",
        "object_repr": "Image object (12)",
        "action_flag": 3,
        "change_message": ""
    }
},
{
    "model": "admin.logentry",
    "pk": 41,
    "fields": {
        "action_time": "2023-01-20T11:27:20.918Z",
        "user": "4f8594f0-89ee-4816-a394-6fad1c44d1e0",
        "content_type": 16,
        "object_id": "11",
        "object_repr": "Image object (11)",
        "action_flag": 3,
        "change_message": ""
    }
},
{
    "model": "admin.logentry",
    "pk": 42,
    "fields": {
        "action_time": "2023-01-20T11:27:20.920Z",
        "user": "4f8594f0-89ee-4816-a394-6fad1c44d1e0",
        "content_type": 16,
        "object_id": "10",
        "object_repr": "Image object (10)",
        "action_flag": 3,
        "change_message": ""
    }
},
{
    "model": "admin.logentry",
    "pk": 43,
    "fields": {
        "action_time": "2023-01-20T11:27:20.922Z",
        "user": "4f8594f0-89ee-4816-a394-6fad1c44d1e0",
        "content_type": 16,
        "object_id": "9",
        "object_repr": "Image object (9)",
        "action_flag": 3,
        "change_message": ""
    }
},
{
    "model": "admin.logentry",
    "pk": 44,
    "fields": {
        "action_time": "2023-01-20T11:27:20.924Z",
        "user": "4f8594f0-89ee-4816-a394-6fad1c44d1e0",
        "content_type": 16,
        "object_id": "8",
        "object_repr": "Image object (8)",
        "action_flag": 3,
        "change_message": ""
    }
},
{
    "model": "admin.logentry",
    "pk": 45,
    "fields": {
        "action_time": "2023-01-20T11:27:20.927Z",
        "user": "4f8594f0-89ee-4816-a394-6fad1c44d1e0",
        "content_type": 16,
        "object_id": "7",
        "object_repr": "Image object (7)",
        "action_flag": 3,
        "change_message": ""
    }
},
{
    "model": "admin.logentry",
    "pk": 46,
    "fields": {
        "action_time": "2023-01-20T11:27:20.930Z",
        "user": "4f8594f0-89ee-4816-a394-6fad1c44d1e0",
        "content_type": 16,
        "object_id": "6",
        "object_repr": "Image object (6)",
        "action_flag": 3,
        "change_message": ""
    }
},
{
    "model": "admin.logentry",
    "pk": 47,
    "fields": {
        "action_time": "2023-01-20T11:27:20.932Z",
        "user": "4f8594f0-89ee-4816-a394-6fad1c44d1e0",
        "content_type": 16,
        "object_id": "5",
        "object_repr": "Image object (5)",
        "action_flag": 3,
        "change_message": ""
    }
},
{
    "model": "admin.logentry",
    "pk": 48,
    "fields": {
        "action_time": "2023-01-20T11:27:20.934Z",
        "user": "4f8594f0-89ee-4816-a394-6fad1c44d1e0",
        "content_type": 16,
        "object_id": "4",
        "object_repr": "Image object (4)",
        "action_flag": 3,
        "change_message": ""
    }
},
{
    "model": "admin.logentry",
    "pk": 49,
    "fields": {
        "action_time": "2023-01-20T11:27:20.936Z",
        "user": "4f8594f0-89ee-4816-a394-6fad1c44d1e0",
        "content_type": 16,
        "object_id": "3",
        "object_repr": "Image object (3)",
        "action_flag": 3,
        "change_message": ""
    }
},
{
    "model": "admin.logentry",
    "pk": 50,
    "fields": {
        "action_time": "2023-01-20T11:27:20.937Z",
        "user": "4f8594f0-89ee-4816-a394-6fad1c44d1e0",
        "content_type": 16,
        "object_id": "2",
        "object_repr": "Image object (2)",
        "action_flag": 3,
        "change_message": ""
    }
},
{
    "model": "admin.logentry",
    "pk": 51,
    "fields": {
        "action_time": "2023-01-20T11:27:20.940Z",
        "user": "4f8594f0-89ee-4816-a394-6fad1c44d1e0",
        "content_type": 16,
        "object_id": "1",
        "object_repr": "Image object (1)",
        "action_flag": 3,
        "change_message": ""
    }
},
{
    "model": "admin.logentry",
    "pk": 52,
    "fields": {
        "action_time": "2023-01-20T11:27:37.383Z",
        "user": "4f8594f0-89ee-4816-a394-6fad1c44d1e0",
        "content_type": 13,
        "object_id": "2",
        "object_repr": "location",
        "action_flag": 3,
        "change_message": ""
    }
},
{
    "model": "admin.logentry",
    "pk": 53,
    "fields": {
        "action_time": "2023-01-20T11:27:37.387Z",
        "user": "4f8594f0-89ee-4816-a394-6fad1c44d1e0",
        "content_type": 13,
        "object_id": "1",
        "object_repr": "iraq. baghdad . al ali street",
        "action_flag": 3,
        "change_message": ""
    }
},
{
    "model": "admin.logentry",
    "pk": 54,
    "fields": {
        "action_time": "2023-01-20T11:28:04.699Z",
        "user": "4f8594f0-89ee-4816-a394-6fad1c44d1e0",
        "content_type": 11,
        "object_id": "1",
        "object_repr": "hammer",
        "action_flag": 3,
        "change_message": ""
    }
},
{
    "model": "admin.logentry",
    "pk": 55,
    "fields": {
        "action_time": "2023-01-20T11:28:11.349Z",
        "user": "4f8594f0-89ee-4816-a394-6fad1c44d1e0",
        "content_type": 10,
        "object_id": "2",
        "object_repr": "sand",
        "action_flag": 3,
        "change_message": ""
    }
},
{
    "model": "admin.logentry",
    "pk": 56,
    "fields": {
        "action_time": "2023-01-20T11:28:11.353Z",
        "user": "4f8594f0-89ee-4816-a394-6fad1c44d1e0",
        "content_type": 10,
        "object_id": "1",
        "object_repr": "water",
        "action_flag": 3,
        "change_message": ""
    }
},
{
    "model": "admin.logentry",
    "pk": 57,
    "fields": {
        "action_time": "2023-01-20T16:31:03.687Z",
        "user": "4f8594f0-89ee-4816-a394-6fad1c44d1e0",
        "content_type": 19,
        "object_id": "5",
        "object_repr": "Alex",
        "action_flag": 3,
        "change_message": ""
    }
},
{
    "model": "admin.logentry",
    "pk": 58,
    "fields": {
        "action_time": "2023-01-20T16:32:10.205Z",
        "user": "4f8594f0-89ee-4816-a394-6fad1c44d1e0",
        "content_type": 19,
        "object_id": "6",
        "object_repr": "Alex",
        "action_flag": 3,
        "change_message": ""
    }
},
{
    "model": "admin.logentry",
    "pk": 59,
    "fields": {
        "action_time": "2023-01-20T16:42:03.610Z",
        "user": "4f8594f0-89ee-4816-a394-6fad1c44d1e0",
        "content_type": 19,
        "object_id": "7",
        "object_repr": "vvvvuAlex",
        "action_flag": 3,
        "change_message": ""
    }
},
{
    "model": "auth.permission",
    "pk": 1,
    "fields": {
        "name": "Can add blacklisted token",
        "content_type": 1,
        "codename": "add_blacklistedtoken"
    }
},
{
    "model": "auth.permission",
    "pk": 2,
    "fields": {
        "name": "Can change blacklisted token",
        "content_type": 1,
        "codename": "change_blacklistedtoken"
    }
},
{
    "model": "auth.permission",
    "pk": 3,
    "fields": {
        "name": "Can delete blacklisted token",
        "content_type": 1,
        "codename": "delete_blacklistedtoken"
    }
},
{
    "model": "auth.permission",
    "pk": 4,
    "fields": {
        "name": "Can view blacklisted token",
        "content_type": 1,
        "codename": "view_blacklistedtoken"
    }
},
{
    "model": "auth.permission",
    "pk": 5,
    "fields": {
        "name": "Can add outstanding token",
        "content_type": 2,
        "codename": "add_outstandingtoken"
    }
},
{
    "model": "auth.permission",
    "pk": 6,
    "fields": {
        "name": "Can change outstanding token",
        "content_type": 2,
        "codename": "change_outstandingtoken"
    }
},
{
    "model": "auth.permission",
    "pk": 7,
    "fields": {
        "name": "Can delete outstanding token",
        "content_type": 2,
        "codename": "delete_outstandingtoken"
    }
},
{
    "model": "auth.permission",
    "pk": 8,
    "fields": {
        "name": "Can view outstanding token",
        "content_type": 2,
        "codename": "view_outstandingtoken"
    }
},
{
    "model": "auth.permission",
    "pk": 9,
    "fields": {
        "name": "Can add log entry",
        "content_type": 3,
        "codename": "add_logentry"
    }
},
{
    "model": "auth.permission",
    "pk": 10,
    "fields": {
        "name": "Can change log entry",
        "content_type": 3,
        "codename": "change_logentry"
    }
},
{
    "model": "auth.permission",
    "pk": 11,
    "fields": {
        "name": "Can delete log entry",
        "content_type": 3,
        "codename": "delete_logentry"
    }
},
{
    "model": "auth.permission",
    "pk": 12,
    "fields": {
        "name": "Can view log entry",
        "content_type": 3,
        "codename": "view_logentry"
    }
},
{
    "model": "auth.permission",
    "pk": 13,
    "fields": {
        "name": "Can add permission",
        "content_type": 4,
        "codename": "add_permission"
    }
},
{
    "model": "auth.permission",
    "pk": 14,
    "fields": {
        "name": "Can change permission",
        "content_type": 4,
        "codename": "change_permission"
    }
},
{
    "model": "auth.permission",
    "pk": 15,
    "fields": {
        "name": "Can delete permission",
        "content_type": 4,
        "codename": "delete_permission"
    }
},
{
    "model": "auth.permission",
    "pk": 16,
    "fields": {
        "name": "Can view permission",
        "content_type": 4,
        "codename": "view_permission"
    }
},
{
    "model": "auth.permission",
    "pk": 17,
    "fields": {
        "name": "Can add group",
        "content_type": 5,
        "codename": "add_group"
    }
},
{
    "model": "auth.permission",
    "pk": 18,
    "fields": {
        "name": "Can change group",
        "content_type": 5,
        "codename": "change_group"
    }
},
{
    "model": "auth.permission",
    "pk": 19,
    "fields": {
        "name": "Can delete group",
        "content_type": 5,
        "codename": "delete_group"
    }
},
{
    "model": "auth.permission",
    "pk": 20,
    "fields": {
        "name": "Can view group",
        "content_type": 5,
        "codename": "view_group"
    }
},
{
    "model": "auth.permission",
    "pk": 21,
    "fields": {
        "name": "Can add content type",
        "content_type": 6,
        "codename": "add_contenttype"
    }
},
{
    "model": "auth.permission",
    "pk": 22,
    "fields": {
        "name": "Can change content type",
        "content_type": 6,
        "codename": "change_contenttype"
    }
},
{
    "model": "auth.permission",
    "pk": 23,
    "fields": {
        "name": "Can delete content type",
        "content_type": 6,
        "codename": "delete_contenttype"
    }
},
{
    "model": "auth.permission",
    "pk": 24,
    "fields": {
        "name": "Can view content type",
        "content_type": 6,
        "codename": "view_contenttype"
    }
},
{
    "model": "auth.permission",
    "pk": 25,
    "fields": {
        "name": "Can add session",
        "content_type": 7,
        "codename": "add_session"
    }
},
{
    "model": "auth.permission",
    "pk": 26,
    "fields": {
        "name": "Can change session",
        "content_type": 7,
        "codename": "change_session"
    }
},
{
    "model": "auth.permission",
    "pk": 27,
    "fields": {
        "name": "Can delete session",
        "content_type": 7,
        "codename": "delete_session"
    }
},
{
    "model": "auth.permission",
    "pk": 28,
    "fields": {
        "name": "Can view session",
        "content_type": 7,
        "codename": "view_session"
    }
},
{
    "model": "auth.permission",
    "pk": 29,
    "fields": {
        "name": "Can add Accounts",
        "content_type": 8,
        "codename": "add_account"
    }
},
{
    "model": "auth.permission",
    "pk": 30,
    "fields": {
        "name": "Can change Accounts",
        "content_type": 8,
        "codename": "change_account"
    }
},
{
    "model": "auth.permission",
    "pk": 31,
    "fields": {
        "name": "Can delete Accounts",
        "content_type": 8,
        "codename": "delete_account"
    }
},
{
    "model": "auth.permission",
    "pk": 32,
    "fields": {
        "name": "Can view Accounts",
        "content_type": 8,
        "codename": "view_account"
    }
},
{
    "model": "auth.permission",
    "pk": 33,
    "fields": {
        "name": "Can add Category",
        "content_type": 9,
        "codename": "add_category"
    }
},
{
    "model": "auth.permission",
    "pk": 34,
    "fields": {
        "name": "Can change Category",
        "content_type": 9,
        "codename": "change_category"
    }
},
{
    "model": "auth.permission",
    "pk": 35,
    "fields": {
        "name": "Can delete Category",
        "content_type": 9,
        "codename": "delete_category"
    }
},
{
    "model": "auth.permission",
    "pk": 36,
    "fields": {
        "name": "Can view Category",
        "content_type": 9,
        "codename": "view_category"
    }
},
{
    "model": "auth.permission",
    "pk": 37,
    "fields": {
        "name": "Can add Substance",
        "content_type": 10,
        "codename": "add_substance"
    }
},
{
    "model": "auth.permission",
    "pk": 38,
    "fields": {
        "name": "Can change Substance",
        "content_type": 10,
        "codename": "change_substance"
    }
},
{
    "model": "auth.permission",
    "pk": 39,
    "fields": {
        "name": "Can delete Substance",
        "content_type": 10,
        "codename": "delete_substance"
    }
},
{
    "model": "auth.permission",
    "pk": 40,
    "fields": {
        "name": "Can view Substance",
        "content_type": 10,
        "codename": "view_substance"
    }
},
{
    "model": "auth.permission",
    "pk": 41,
    "fields": {
        "name": "Can add Instrument",
        "content_type": 11,
        "codename": "add_instrument"
    }
},
{
    "model": "auth.permission",
    "pk": 42,
    "fields": {
        "name": "Can change Instrument",
        "content_type": 11,
        "codename": "change_instrument"
    }
},
{
    "model": "auth.permission",
    "pk": 43,
    "fields": {
        "name": "Can delete Instrument",
        "content_type": 11,
        "codename": "delete_instrument"
    }
},
{
    "model": "auth.permission",
    "pk": 44,
    "fields": {
        "name": "Can view Instrument",
        "content_type": 11,
        "codename": "view_instrument"
    }
},
{
    "model": "auth.permission",
    "pk": 45,
    "fields": {
        "name": "Can add Invoice",
        "content_type": 12,
        "codename": "add_invoice"
    }
},
{
    "model": "auth.permission",
    "pk": 46,
    "fields": {
        "name": "Can change Invoice",
        "content_type": 12,
        "codename": "change_invoice"
    }
},
{
    "model": "auth.permission",
    "pk": 47,
    "fields": {
        "name": "Can delete Invoice",
        "content_type": 12,
        "codename": "delete_invoice"
    }
},
{
    "model": "auth.permission",
    "pk": 48,
    "fields": {
        "name": "Can view Invoice",
        "content_type": 12,
        "codename": "view_invoice"
    }
},
{
    "model": "auth.permission",
    "pk": 49,
    "fields": {
        "name": "Can add Store",
        "content_type": 13,
        "codename": "add_store"
    }
},
{
    "model": "auth.permission",
    "pk": 50,
    "fields": {
        "name": "Can change Store",
        "content_type": 13,
        "codename": "change_store"
    }
},
{
    "model": "auth.permission",
    "pk": 51,
    "fields": {
        "name": "Can delete Store",
        "content_type": 13,
        "codename": "delete_store"
    }
},
{
    "model": "auth.permission",
    "pk": 52,
    "fields": {
        "name": "Can view Store",
        "content_type": 13,
        "codename": "view_store"
    }
},
{
    "model": "auth.permission",
    "pk": 53,
    "fields": {
        "name": "Can add media pack",
        "content_type": 14,
        "codename": "add_mediapack"
    }
},
{
    "model": "auth.permission",
    "pk": 54,
    "fields": {
        "name": "Can change media pack",
        "content_type": 14,
        "codename": "change_mediapack"
    }
},
{
    "model": "auth.permission",
    "pk": 55,
    "fields": {
        "name": "Can delete media pack",
        "content_type": 14,
        "codename": "delete_mediapack"
    }
},
{
    "model": "auth.permission",
    "pk": 56,
    "fields": {
        "name": "Can view media pack",
        "content_type": 14,
        "codename": "view_mediapack"
    }
},
{
    "model": "auth.permission",
    "pk": 57,
    "fields": {
        "name": "Can add Invoice Substance Item",
        "content_type": 15,
        "codename": "add_invoicesubstanceitem"
    }
},
{
    "model": "auth.permission",
    "pk": 58,
    "fields": {
        "name": "Can change Invoice Substance Item",
        "content_type": 15,
        "codename": "change_invoicesubstanceitem"
    }
},
{
    "model": "auth.permission",
    "pk": 59,
    "fields": {
        "name": "Can delete Invoice Substance Item",
        "content_type": 15,
        "codename": "delete_invoicesubstanceitem"
    }
},
{
    "model": "auth.permission",
    "pk": 60,
    "fields": {
        "name": "Can view Invoice Substance Item",
        "content_type": 15,
        "codename": "view_invoicesubstanceitem"
    }
},
{
    "model": "auth.permission",
    "pk": 61,
    "fields": {
        "name": "Can add Image",
        "content_type": 16,
        "codename": "add_image"
    }
},
{
    "model": "auth.permission",
    "pk": 62,
    "fields": {
        "name": "Can change Image",
        "content_type": 16,
        "codename": "change_image"
    }
},
{
    "model": "auth.permission",
    "pk": 63,
    "fields": {
        "name": "Can delete Image",
        "content_type": 16,
        "codename": "delete_image"
    }
},
{
    "model": "auth.permission",
    "pk": 64,
    "fields": {
        "name": "Can view Image",
        "content_type": 16,
        "codename": "view_image"
    }
},
{
    "model": "auth.permission",
    "pk": 65,
    "fields": {
        "name": "Can add Invoice Instrument Item",
        "content_type": 17,
        "codename": "add_invoiceinstrumentitem"
    }
},
{
    "model": "auth.permission",
    "pk": 66,
    "fields": {
        "name": "Can change Invoice Instrument Item",
        "content_type": 17,
        "codename": "change_invoiceinstrumentitem"
    }
},
{
    "model": "auth.permission",
    "pk": 67,
    "fields": {
        "name": "Can delete Invoice Instrument Item",
        "content_type": 17,
        "codename": "delete_invoiceinstrumentitem"
    }
},
{
    "model": "auth.permission",
    "pk": 68,
    "fields": {
        "name": "Can view Invoice Instrument Item",
        "content_type": 17,
        "codename": "view_invoiceinstrumentitem"
    }
},
{
    "model": "auth.permission",
    "pk": 69,
    "fields": {
        "name": "Can add Insurance",
        "content_type": 18,
        "codename": "add_insurance"
    }
},
{
    "model": "auth.permission",
    "pk": 70,
    "fields": {
        "name": "Can change Insurance",
        "content_type": 18,
        "codename": "change_insurance"
    }
},
{
    "model": "auth.permission",
    "pk": 71,
    "fields": {
        "name": "Can delete Insurance",
        "content_type": 18,
        "codename": "delete_insurance"
    }
},
{
    "model": "auth.permission",
    "pk": 72,
    "fields": {
        "name": "Can view Insurance",
        "content_type": 18,
        "codename": "view_insurance"
    }
},
{
    "model": "auth.permission",
    "pk": 73,
    "fields": {
        "name": "Can add Employee",
        "content_type": 19,
        "codename": "add_employee"
    }
},
{
    "model": "auth.permission",
    "pk": 74,
    "fields": {
        "name": "Can change Employee",
        "content_type": 19,
        "codename": "change_employee"
    }
},
{
    "model": "auth.permission",
    "pk": 75,
    "fields": {
        "name": "Can delete Employee",
        "content_type": 19,
        "codename": "delete_employee"
    }
},
{
    "model": "auth.permission",
    "pk": 76,
    "fields": {
        "name": "Can view Employee",
        "content_type": 19,
        "codename": "view_employee"
    }
},
{
    "model": "auth.permission",
    "pk": 77,
    "fields": {
        "name": "Can add Employee Activity",
        "content_type": 20,
        "codename": "add_employeeactivity"
    }
},
{
    "model": "auth.permission",
    "pk": 78,
    "fields": {
        "name": "Can change Employee Activity",
        "content_type": 20,
        "codename": "change_employeeactivity"
    }
},
{
    "model": "auth.permission",
    "pk": 79,
    "fields": {
        "name": "Can delete Employee Activity",
        "content_type": 20,
        "codename": "delete_employeeactivity"
    }
},
{
    "model": "auth.permission",
    "pk": 80,
    "fields": {
        "name": "Can view Employee Activity",
        "content_type": 20,
        "codename": "view_employeeactivity"
    }
},
{
    "model": "auth.permission",
    "pk": 81,
    "fields": {
        "name": "Can add Car",
        "content_type": 21,
        "codename": "add_car"
    }
},
{
    "model": "auth.permission",
    "pk": 82,
    "fields": {
        "name": "Can change Car",
        "content_type": 21,
        "codename": "change_car"
    }
},
{
    "model": "auth.permission",
    "pk": 83,
    "fields": {
        "name": "Can delete Car",
        "content_type": 21,
        "codename": "delete_car"
    }
},
{
    "model": "auth.permission",
    "pk": 84,
    "fields": {
        "name": "Can view Car",
        "content_type": 21,
        "codename": "view_car"
    }
},
{
    "model": "auth.permission",
    "pk": 85,
    "fields": {
        "name": "Can add Car Activity",
        "content_type": 22,
        "codename": "add_caractivity"
    }
},
{
    "model": "auth.permission",
    "pk": 86,
    "fields": {
        "name": "Can change Car Activity",
        "content_type": 22,
        "codename": "change_caractivity"
    }
},
{
    "model": "auth.permission",
    "pk": 87,
    "fields": {
        "name": "Can delete Car Activity",
        "content_type": 22,
        "codename": "delete_caractivity"
    }
},
{
    "model": "auth.permission",
    "pk": 88,
    "fields": {
        "name": "Can view Car Activity",
        "content_type": 22,
        "codename": "view_caractivity"
    }
},
{
    "model": "auth.permission",
    "pk": 89,
    "fields": {
        "name": "Can add car activity ride",
        "content_type": 23,
        "codename": "add_caractivityride"
    }
},
{
    "model": "auth.permission",
    "pk": 90,
    "fields": {
        "name": "Can change car activity ride",
        "content_type": 23,
        "codename": "change_caractivityride"
    }
},
{
    "model": "auth.permission",
    "pk": 91,
    "fields": {
        "name": "Can delete car activity ride",
        "content_type": 23,
        "codename": "delete_caractivityride"
    }
},
{
    "model": "auth.permission",
    "pk": 92,
    "fields": {
        "name": "Can view car activity ride",
        "content_type": 23,
        "codename": "view_caractivityride"
    }
},
{
    "model": "contenttypes.contenttype",
    "pk": 1,
    "fields": {
        "app_label": "token_blacklist",
        "model": "blacklistedtoken"
    }
},
{
    "model": "contenttypes.contenttype",
    "pk": 2,
    "fields": {
        "app_label": "token_blacklist",
        "model": "outstandingtoken"
    }
},
{
    "model": "contenttypes.contenttype",
    "pk": 3,
    "fields": {
        "app_label": "admin",
        "model": "logentry"
    }
},
{
    "model": "contenttypes.contenttype",
    "pk": 4,
    "fields": {
        "app_label": "auth",
        "model": "permission"
    }
},
{
    "model": "contenttypes.contenttype",
    "pk": 5,
    "fields": {
        "app_label": "auth",
        "model": "group"
    }
},
{
    "model": "contenttypes.contenttype",
    "pk": 6,
    "fields": {
        "app_label": "contenttypes",
        "model": "contenttype"
    }
},
{
    "model": "contenttypes.contenttype",
    "pk": 7,
    "fields": {
        "app_label": "sessions",
        "model": "session"
    }
},
{
    "model": "contenttypes.contenttype",
    "pk": 8,
    "fields": {
        "app_label": "account",
        "model": "account"
    }
},
{
    "model": "contenttypes.contenttype",
    "pk": 9,
    "fields": {
        "app_label": "substance",
        "model": "category"
    }
},
{
    "model": "contenttypes.contenttype",
    "pk": 10,
    "fields": {
        "app_label": "substance",
        "model": "substance"
    }
},
{
    "model": "contenttypes.contenttype",
    "pk": 11,
    "fields": {
        "app_label": "substance",
        "model": "instrument"
    }
},
{
    "model": "contenttypes.contenttype",
    "pk": 12,
    "fields": {
        "app_label": "store",
        "model": "invoice"
    }
},
{
    "model": "contenttypes.contenttype",
    "pk": 13,
    "fields": {
        "app_label": "store",
        "model": "store"
    }
},
{
    "model": "contenttypes.contenttype",
    "pk": 14,
    "fields": {
        "app_label": "store",
        "model": "mediapack"
    }
},
{
    "model": "contenttypes.contenttype",
    "pk": 15,
    "fields": {
        "app_label": "store",
        "model": "invoicesubstanceitem"
    }
},
{
    "model": "contenttypes.contenttype",
    "pk": 16,
    "fields": {
        "app_label": "store",
        "model": "image"
    }
},
{
    "model": "contenttypes.contenttype",
    "pk": 17,
    "fields": {
        "app_label": "store",
        "model": "invoiceinstrumentitem"
    }
},
{
    "model": "contenttypes.contenttype",
    "pk": 18,
    "fields": {
        "app_label": "employee",
        "model": "insurance"
    }
},
{
    "model": "contenttypes.contenttype",
    "pk": 19,
    "fields": {
        "app_label": "employee",
        "model": "employee"
    }
},
{
    "model": "contenttypes.contenttype",
    "pk": 20,
    "fields": {
        "app_label": "employee",
        "model": "employeeactivity"
    }
},
{
    "model": "contenttypes.contenttype",
    "pk": 21,
    "fields": {
        "app_label": "car",
        "model": "car"
    }
},
{
    "model": "contenttypes.contenttype",
    "pk": 22,
    "fields": {
        "app_label": "car",
        "model": "caractivity"
    }
},
{
    "model": "contenttypes.contenttype",
    "pk": 23,
    "fields": {
        "app_label": "car",
        "model": "caractivityride"
    }
},
{
    "model": "sessions.session",
    "pk": "itoywl62rzbpto1h5rlzmj21d3dxq1az",
    "fields": {
        "session_data": ".eJxVjD0PgjAURf9LZyH9eLTFTXdHZ9K-9yoqoQmFOBj_u5Aw6HKHe-85b9GFZe67pfDU3UkcBSTftJBk5VvmCryyVTAtVDYFUghAiqU4_GIx4JPHjaVHGG-5xjzO0z3W26Xe11KfhiG_1riuTLlk4uG8g3-2PpR-VSmNrCXbANE5i6BNAtWkiF6TIYNBW6OTYkckfSsNaXSAUq69a2wi8fkCwrBGCA:1pHiy4:8gyykap6URFN6ktSBxdFBFBNEE8Ab4cYPmiX37WLS5o",
        "expire_date": "2023-01-31T10:13:24.528Z"
    }
},
{
    "model": "account.account",
    "pk": "4f8594f0-89ee-4816-a394-6fad1c44d1e0",
    "fields": {
        "password": "pbkdf2_sha256$320000$fiVOaWB79hTPgpjhc1ESNS$pDzVUQiocZXhYkHu2Fu3iCOhcYSxAtjNvBOI/pomLp0=",
        "last_login": "2023-01-17T10:13:24.509Z",
        "email": "admin@gmail.com",
        "username": "admin",
        "first_name": null,
        "last_name": null,
        "date_joined": "2023-01-17T10:06:37.219Z",
        "updated_at": "2023-01-17T10:06:37.308Z",
        "is_active": true,
        "email_verified": false,
        "employee": null,
        "is_staff": true,
        "is_superuser": true,
        "hide_email": true,
        "profile_image": "images/default/default.jpg",
        "groups": [],
        "user_permissions": []
    }
},
{
    "model": "substance.substance",
    "pk": 3,
    "fields": {
        "created_by": "4f8594f0-89ee-4816-a394-6fad1c44d1e0",
        "name": "water",
        "description": "poatable water",
        "is_available": true,
        "created_at": "2023-01-20T11:29:57.977Z",
        "units": 1700,
        "unit_type": "liter",
        "category": []
    }
},
{
    "model": "substance.substance",
    "pk": 4,
    "fields": {
        "created_by": "4f8594f0-89ee-4816-a394-6fad1c44d1e0",
        "name": "brick",
        "description": "for country side buildings only",
        "is_available": true,
        "created_at": "2023-01-20T11:30:57.534Z",
        "units": 17,
        "unit_type": "ton",
        "category": []
    }
},
{
    "model": "substance.substance",
    "pk": 5,
    "fields": {
        "created_by": "4f8594f0-89ee-4816-a394-6fad1c44d1e0",
        "name": "sand",
        "description": "a small sand with rocky objects",
        "is_available": true,
        "created_at": "2023-01-20T11:31:25.270Z",
        "units": 1000,
        "unit_type": "ton",
        "category": []
    }
},
{
    "model": "substance.substance",
    "pk": 6,
    "fields": {
        "created_by": "4f8594f0-89ee-4816-a394-6fad1c44d1e0",
        "name": "colors",
        "description": "for painting the walls only ,not the selling",
        "is_available": true,
        "created_at": "2023-01-20T11:35:52.717Z",
        "units": 18,
        "unit_type": "kilogram",
        "category": []
    }
},
{
    "model": "substance.instrument",
    "pk": 2,
    "fields": {
        "created_by": "4f8594f0-89ee-4816-a394-6fad1c44d1e0",
        "name": "Hammer",
        "description": "can't be sued with metal substance,only rocky substances",
        "in_action": true,
        "is_working": true,
        "created_at": "2023-01-20T11:32:32.477Z",
        "last_maintain": "2023-01-04",
        "maintain_place": "New Objects",
        "category": []
    }
},
{
    "model": "substance.instrument",
    "pk": 3,
    "fields": {
        "created_by": "4f8594f0-89ee-4816-a394-6fad1c44d1e0",
        "name": "digging mechaine",
        "description": "can't be used with walls, only ground",
        "in_action": false,
        "is_working": true,
        "created_at": "2023-01-20T11:33:37.991Z",
        "last_maintain": "2023-01-10",
        "maintain_place": "Al Baraka for fixing",
        "category": []
    }
},
{
    "model": "substance.instrument",
    "pk": 4,
    "fields": {
        "created_by": "4f8594f0-89ee-4816-a394-6fad1c44d1e0",
        "name": "electric checker",
        "description": "a tool for check the electricity in the house",
        "in_action": false,
        "is_working": true,
        "created_at": "2023-01-20T11:34:53.360Z",
        "last_maintain": "2023-01-20",
        "maintain_place": "Electronic Al Basha",
        "category": []
    }
},
{
    "model": "store.store",
    "pk": 3,
    "fields": {
        "created_by": "4f8594f0-89ee-4816-a394-6fad1c44d1e0",
        "name": "Iraq store",
        "address": "iraq. baghdad. al allawi",
        "description": "should be ended in one month at soon",
        "active_status": true,
        "start_at": "2023-01-20T14:31:26.679Z",
        "created_at": "2023-01-20T14:31:26.679Z"
    }
},
{
    "model": "store.store",
    "pk": 4,
    "fields": {
        "created_by": "4f8594f0-89ee-4816-a394-6fad1c44d1e0",
        "name": "USA Store",
        "address": "Usa. New Yourk. Manhatin",
        "description": "the boss for this store is karam, not otherne",
        "active_status": true,
        "start_at": "2023-01-20T14:44:24.921Z",
        "created_at": "2023-01-20T14:44:24.921Z"
    }
},
{
    "model": "store.invoice",
    "pk": 7,
    "fields": {
        "created_at": "2023-01-20T14:50:21.096Z",
        "created_by": "4f8594f0-89ee-4816-a394-6fad1c44d1e0",
        "store": 3,
        "note": "the form made by the admin, this substances and and matters should remain for the next weeak"
    }
},
{
    "model": "store.invoicesubstanceitem",
    "pk": 7,
    "fields": {
        "substance": 6,
        "invoice": 7,
        "mass": 2,
        "description": "for writing"
    }
},
{
    "model": "store.invoicesubstanceitem",
    "pk": 8,
    "fields": {
        "substance": 3,
        "invoice": 7,
        "mass": 300,
        "description": "for the next week"
    }
},
{
    "model": "store.invoicesubstanceitem",
    "pk": 9,
    "fields": {
        "substance": 4,
        "invoice": 7,
        "mass": 13,
        "description": "for the walls buildings"
    }
},
{
    "model": "store.invoiceinstrumentitem",
    "pk": 3,
    "fields": {
        "instrument": 2,
        "invoice": 7,
        "description": "nothing"
    }
},
{
    "model": "store.mediapack",
    "pk": 2,
    "fields": {
        "store": 4,
        "alt_text": "the work today was very good without any errors, this is our work today",
        "created_at": "2023-01-20T14:53:24.641Z",
        "created_by": "4f8594f0-89ee-4816-a394-6fad1c44d1e0"
    }
},
{
    "model": "store.mediapack",
    "pk": 3,
    "fields": {
        "store": 3,
        "alt_text": "iraq work for today",
        "created_at": "2023-01-20T15:13:36.274Z",
        "created_by": "4f8594f0-89ee-4816-a394-6fad1c44d1e0"
    }
},
{
    "model": "store.image",
    "pk": 18,
    "fields": {
        "image": "store_images/USA Store/2023/01/20/Screenshot_from_2022-06-01_00-35-29.png.png",
        "media_pack": 2
    }
},
{
    "model": "store.image",
    "pk": 19,
    "fields": {
        "image": "store_images/USA Store/2023/01/20/Fg9YQxCXEAI0luU.jpeg.png",
        "media_pack": 2
    }
},
{
    "model": "store.image",
    "pk": 20,
    "fields": {
        "image": "store_images/USA Store/2023/01/20/Screenshot_from_2023-01-16_14-04-09.png.png",
        "media_pack": 2
    }
},
{
    "model": "store.image",
    "pk": 21,
    "fields": {
        "image": "store_images/USA Store/2023/01/20/Screenshot_from_2023-01-16_12-21-55.png.png",
        "media_pack": 2
    }
},
{
    "model": "store.image",
    "pk": 22,
    "fields": {
        "image": "store_images/USA Store/2023/01/20/Screenshot_from_2022-06-06_21-04-57.png.png",
        "media_pack": 2
    }
},
{
    "model": "store.image",
    "pk": 23,
    "fields": {
        "image": "store_images/USA Store/2023/01/20/Screenshot_from_2022-06-06_21-01-33.png.png",
        "media_pack": 2
    }
},
{
    "model": "store.image",
    "pk": 24,
    "fields": {
        "image": "store_images/USA Store/2023/01/20/Screenshot_from_2022-06-06_21-00-02.png.png",
        "media_pack": 2
    }
},
{
    "model": "store.image",
    "pk": 25,
    "fields": {
        "image": "store_images/USA Store/2023/01/20/Screenshot_from_2022-05-31_23-25-48.png.png",
        "media_pack": 2
    }
},
{
    "model": "store.image",
    "pk": 26,
    "fields": {
        "image": "store_images/USA Store/2023/01/20/Screenshot_from_2023-01-15_23-37-00.png.png",
        "media_pack": 2
    }
},
{
    "model": "store.image",
    "pk": 27,
    "fields": {
        "image": "store_images/Iraq store/2023/01/20/Screenshot_from_2023-01-07_22-37-18.png.png",
        "media_pack": 3
    }
},
{
    "model": "store.image",
    "pk": 28,
    "fields": {
        "image": "store_images/Iraq store/2023/01/20/Screenshot_from_2022-06-06_21-02-47.png.png",
        "media_pack": 3
    }
},
{
    "model": "employee.insurance",
    "pk": 2,
    "fields": {
        "ins_code": "#7764",
        "ins_type": "General",
        "ins_company": "Al Baraka For Insurance",
        "created_by": "4f8594f0-89ee-4816-a394-6fad1c44d1e0",
        "created_at": "2023-01-20T14:25:52.817Z",
        "start_at": "2023-01-20"
    }
},
{
    "model": "employee.insurance",
    "pk": 3,
    "fields": {
        "ins_code": "#6346",
        "ins_type": "Just for risky things",
        "ins_company": "Ramses for insurance",
        "created_by": "4f8594f0-89ee-4816-a394-6fad1c44d1e0",
        "created_at": "2023-01-20T14:38:18.585Z",
        "start_at": "2023-01-04"
    }
},
{
    "model": "employee.employee",
    "pk": 3,
    "fields": {
        "name": "Karam",
        "type": "software enginner",
        "email": "karam@gmail.com",
        "email_verified": false,
        "number": "+9038747389",
        "created_by": "4f8594f0-89ee-4816-a394-6fad1c44d1e0",
        "created_at": "2023-01-20T14:25:52.821Z",
        "insurance": 2,
        "certificate_image": "employee_images/Karam/certificate/chat-app.jpg.png",
        "experience_image": "employee_images/Karam/experience/6596678825281634310_avatar.jpg.png",
        "identity_image": "employee_images/Karam/identity/Screenshot_from_2022-06-06_21-03-27.png.png",
        "criminal_record_image": "employee_images/Karam/criminal_record/mrbahea.jpg.png",
        "years_of_experiance": 30,
        "days_off": 400,
        "signin_date": "2023-01-12",
        "store": null,
        "note": "A good employee",
        "is_primary": false
    }
},
{
    "model": "employee.employee",
    "pk": 4,
    "fields": {
        "name": "Alla",
        "type": "dish washer",
        "email": "alla@gmail.com",
        "email_verified": false,
        "number": "33423423423+",
        "created_by": "4f8594f0-89ee-4816-a394-6fad1c44d1e0",
        "created_at": "2023-01-20T14:32:58.517Z",
        "insurance": 3,
        "certificate_image": "",
        "experience_image": "",
        "identity_image": "employee_images/Alla/identity/Fg9YQxCXEAI0luU.jpeg.png",
        "criminal_record_image": "employee_images/Alla/criminal_record/Screenshot_from_2022-06-05_00-19-22.png.png",
        "years_of_experiance": 1,
        "days_off": 2,
        "signin_date": "2023-01-20",
        "store": 3,
        "note": "a bad employee , he is a ta3mea",
        "is_primary": false
    }
},
{
    "model": "employee.employeeactivity",
    "pk": 22,
    "fields": {
        "employee": 4,
        "is_holiday": false,
        "date": "2023-01-20",
        "phase_in": "05:39:00",
        "phase_out": "20:42:00"
    }
},
{
    "model": "employee.employeeactivity",
    "pk": 23,
    "fields": {
        "employee": 3,
        "is_holiday": false,
        "date": "2023-01-20",
        "phase_in": "07:41:00",
        "phase_out": "21:43:00"
    }
},
{
    "model": "car.car",
    "pk": 5,
    "fields": {
        "car_model": "BMW",
        "car_type": "employees trasportation",
        "car_number": "443BM",
        "created_by": "4f8594f0-89ee-4816-a394-6fad1c44d1e0",
        "created_at": "2023-01-20T14:55:57.966Z",
        "driver": 3,
        "note": "The car has not insruance, so you be carful when driving it",
        "last_maintain": "2023-01-03",
        "maintain_place": "ZN fixer"
    }
},
{
    "model": "car.caractivity",
    "pk": 10,
    "fields": {
        "created_by": "4f8594f0-89ee-4816-a394-6fad1c44d1e0",
        "created_at": "2023-01-20T14:58:36.784Z",
        "driver": "Karam",
        "car": 5,
        "description": "we taked a longer road , that is why the distance was a lot",
        "activity_date": "2023-01-20",
        "distance": 43
    }
},
{
    "model": "car.caractivityride",
    "pk": 19,
    "fields": {
        "place_from": "iraq",
        "place_to": "egypet",
        "activity": 10
    }
},
{
    "model": "car.caractivityride",
    "pk": 20,
    "fields": {
        "place_from": "al baraka",
        "place_to": "ali bin adel",
        "activity": 10
    }
}
]
